{
  "coverImageFilename": "cover.png",
  "icon": "sign.png",
  "components": [
    {
      "Type": "AssetsMod",
      "InstallAction": {
        "PreloadFiles": [
          "{{MenuTitle}}"
        ],
        "Actions": [
          {
            "Type": "ReplaceAsset",
            "FromDataFile": "LogoBat.dat",
            "Locator": {
              "TypeIs": "Texture2D",
              "NameIs": "LogoBat"
            },
            "AllowOverwriteName": false,
            "StepNumber": 1
          },
          {
            "Type": "ReplaceAsset",
            "FromDataFile": "LogoE.dat",
            "Locator": {
              "TypeIs": "Texture2D",
              "NameIs": "LogoE"
            },
            "AllowOverwriteName": false,
            "StepNumber": 2
          },
          {
            "Type": "ReplaceAsset",
            "FromDataFile": "LogoSaber.dat",
            "Locator": {
              "TypeIs": "Texture2D",
              "NameIs": "LogoSaber"
            },
            "AllowOverwriteName": false,
            "StepNumber": 3
          }
        ]
      },
      "UninstallAction": {
        "PreloadFiles": [
          "{{MenuTitle}}"
        ],
        "Actions": [
          {
            "Type": "RestoreAsset",
            "Locator": {
              "TypeIs": "Texture2D",
              "NameIs": "LogoBat"
            },
            "StepNumber": 1
          },
          {
            "Type": "RestoreAsset",
            "Locator": {
              "TypeIs": "Texture2D",
              "NameIs": "LogoE"
            },
            "StepNumber": 2
          },
          {
            "Type": "RestoreAsset",
            "Locator": {
              "TypeIs": "Texture2D",
              "NameIs": "LogoSaber"
            },
            "StepNumber": 3
          }
        ]
      }
    }
  ],
  "version": "1.1.2",
  "links": {},
  "description": [
    "HONK HONK\nPink - (Pink#3877), Please Message me with any issues!"
  ],
  "gameVersion": "1.8.0",
  "platform": "Quest",
  "id": "HonkHonkSign",
  "name": "Honk Honk Sign",
  "author": "Pink",
  "category": "Other"
}