{
  "coverImageFilename": "cover.PNG",
  "icon": "cover.PNG",
  "id": "PinkAdaptiveSFXVolume",
  "name": "Volume Config | AdaptiveSFXRemover",
  "author": "Pink",
  "description": [
      "Volume configuration settings! With Help from RedBrumbler, might do less or more than expected.\nDM me on Discord: Pink#3877 If you have any issues!"
  ],
  "category": "Gameplay",
  "gameVersion": "1.8.0",
  "version": "1.4.0",
  "config": {},
  "links": {
  },
  "platform": "Quest",
  "components": [
    {
      "Type": "HookMod",
      "InstallAction": {
        "InstallLibraryFile": "libVolumeConfig.so"
      },
      "UninstallAction": {
        "RemoveLibraryFile": "libVolumeConfig.so"
      }
    }
  ]
}