{
  "gameVersion":"1.8.0",
  "author":"Gladpus",
  "links":{

  },
  "name":"WireGems Saber Mod",
  "description":[
    "Makes your Saber like a gem-y wireframe"
  ],
  "id":"WireGemSaber_002",
  "version":"1.0.2",
  "components":[
    {
      "Type":"AssetsMod",
      "InstallAction":{
        "PreloadFiles":[
          "{{Saber}}"
        ],
        "Actions":[
          {
            "Type":"ReplaceAsset",
            "FromDataFile":"SaberBlade.dat",
            "Locator":{
              "TypeIs":"Mesh",
              "NameIs":"SaberBlade"
            },
            "AllowOverwriteName":false,
            "StepNumber":1
          },
          {
            "Type":"ReplaceAsset",
            "FromDataFile":"SaberGlowingEdges.dat",
            "Locator":{
              "TypeIs":"Mesh",
              "NameIs":"SaberGlowingEdges"
            },
            "AllowOverwriteName":false,
            "StepNumber":2
          },
          {
            "Type":"ReplaceAsset",
            "FromDataFile":"SaberHandle.dat",
            "Locator":{
              "TypeIs":"Mesh",
              "NameIs":"SaberHandle"
            },
            "AllowOverwriteName":false,
            "StepNumber":3
          }
		  
        ]
      },
      "UninstallAction":{
        "PreloadFiles":[
          "{{Saber}}"
        ],
        "Actions":[
          {
            "Type":"RestoreAsset",
            "Locator":{
              "TypeIs":"Mesh",
              "NameIs":"SaberBlade"
            },
            "StepNumber":1
          },
          {
            "Type":"RestoreAsset",
            "Locator":{
              "TypeIs":"Mesh",
              "NameIs":"SaberGlowingEdges"
            },
            "StepNumber":2
          },
          {
            "Type":"RestoreAsset",
            "Locator":{
              "TypeIs":"Mesh",
              "NameIs":"SaberHandle"
            },
            "StepNumber":3
          }
        ]
      }
    }
  ],
  "icon":"Cover.png",
  "coverImageFilename":"Cover.png",
  "category":"Saber",
  "platform":"Quest"
}