{
  "coverImageFilename": "cover.png",
  "icon": "cover.png",
  "id": "PinkSingleSaber",
  "name": "Same Saber - NO RUMBLE",
  "author": "Pink",
  "description": [
      "Gives thte ability for all notes to be cut with either saber, Giving you the ability to play any song in OneSaber mode! ,Warning Disables Score Submission, You have to set the Colours yourself in the 'Colors' Tab, Inspiration from SkyKiwi's ChromaToggle"
  ],
  "category": "Gameplay",
  "gameVersion": "1.10.0",
  "version": "1.0.4",
  "config": {},
  "links": {
  },
  "platform": "Quest",
  "components": [
    {
      "Type": "HookMod",
      "InstallAction": {
        "InstallLibraryFile": "libSingleSaber.so"
      },
      "UninstallAction": {
        "RemoveLibraryFile": "libSingleSaber.so"
      }
    }
  ]
}