{
    "id": "ToggleMaul",
    "name": "Darth Maul Mode Plus",
    "author": "Henwill8, Credits to Riku1227 for the Darth Maul Mode",
    "description": [
        "This mod adds a toggle for darth maul mode, left handed mode, and correct vibrations."
    ],
    "category": "Gameplay",
    "gameVersion": "1.8.0",
    "version": "0.1.2",
    "platform": "Quest",
    "components": [
        {
            "type": "HookMod",
            "installAction": {
                "installLibraryFile": "libtogglemaul.so"
            },
            "uninstallAction": {
                "removeLibraryFile": "libtogglemaul.so"
            }
        }
    ]
}
