{
  "coverImageFilename": "cover.jpg",
  "icon": "cover.jpg",
  "id": "NoticeBoard",
  "name": "Notice Board",
  "author": "QuestBoard Team",
  "description": [
      "This mod is mainly for helping you know what new mods have been released, mod update releases, BMBF update releases and other VR Related things. This mod will NEVER impact gameplay, it's only intended to help you. The phrase 'for free' DOES NOT mean mods will be paid for in future, don't worry! It just means that the mod was not a commission, and the mod creator didn't make any money from the mod, hence it released for free."
  ],
  "category": "Gameplay",
  "gameVersion": "1.8.0",
  "version": "1.1.1",
  "config": {},
  "links": {
  },
  "platform": "Quest",
  "components": [
    {
      "Type": "HookMod",
      "InstallAction": {
        "InstallLibraryFile": "libNoticeBoard.so"
      },
      "UninstallAction": {
        "RemoveLibraryFile": "libNoticeBoard.so"
      }
    }
  ]
}